[
    {
      "Id": 0,
      "Name": "Student1",
      "RollNo": "R1",
      "Phone": "+93232"
    },
    {
      "Id": 2,
      "Name": "Student3",
      "RollNo": "R3",
      "Phone": "+93232"
    },
    {
      "Id": 4,
      "Name": "Student5",
      "RollNo": "R5",
      "Phone": "+93232"
    },
    {
      "Id": 6,
      "Name": "Student7",
      "RollNo": "R7",
      "Phone": "+93232"
    },
    {
      "Id": 8,
      "Name": "Student9",
      "RollNo": "R9",
      "Phone": "+93232"
    },
    {
      "Id": 10,
      "Name": "Student11",
      "RollNo": "R11",
      "Phone": "+93232"
    },
    {
      "Id": 12,
      "Name": "Student13",
      "RollNo": "R13",
      "Phone": "+93232"
    },
    {
      "Id": 14,
      "Name": "Student15",
      "RollNo": "R15",
      "Phone": "+93232"
    },
    {
      "Id": 16,
      "Name": "Student17",
      "RollNo": "R17",
      "Phone": "+93232"
    },
    {
      "Id": 18,
      "Name": "Student19",
      "RollNo": "R19",
      "Phone": "+93232"
    },
    {
      "Id": 20,
      "Name": "Student21",
      "RollNo": "R21",
      "Phone": "+93232"
    },
    {
      "Id": 22,
      "Name": "Student23",
      "RollNo": "R23",
      "Phone": "+93232"
    },
    {
      "Id": 24,
      "Name": "Student25",
      "RollNo": "R25",
      "Phone": "+93232"
    },
    {
      "Id": 26,
      "Name": "Student27",
      "RollNo": "R27",
      "Phone": "+93232"
    },
    {
      "Id": 28,
      "Name": "Student29",
      "RollNo": "R29",
      "Phone": "+93232"
    },
    {
      "Id": 30,
      "Name": "Student31",
      "RollNo": "R31",
      "Phone": "+93232"
    },
    {
      "Id": 32,
      "Name": "Student33",
      "RollNo": "R33",
      "Phone": "+93232"
    },
    {
      "Id": 34,
      "Name": "Student35",
      "RollNo": "R35",
      "Phone": "+93232"
    },
    {
      "Id": 36,
      "Name": "Student37",
      "RollNo": "R37",
      "Phone": "+93232"
    },
    {
      "Id": 38,
      "Name": "Student39",
      "RollNo": "R39",
      "Phone": "+93232"
    },
    {
      "Id": 40,
      "Name": "Student41",
      "RollNo": "R41",
      "Phone": "+93232"
    },
    {
      "Id": 42,
      "Name": "Student43",
      "RollNo": "R43",
      "Phone": "+93232"
    },
    {
      "Id": 44,
      "Name": "Student45",
      "RollNo": "R45",
      "Phone": "+93232"
    },
    {
      "Id": 46,
      "Name": "Student47",
      "RollNo": "R47",
      "Phone": "+93232"
    },
    {
      "Id": 48,
      "Name": "Student49",
      "RollNo": "R49",
      "Phone": "+93232"
    },
    {
      "Id": 50,
      "Name": "Student51",
      "RollNo": "R51",
      "Phone": "+93232"
    },
    {
      "Id": 52,
      "Name": "Student53",
      "RollNo": "R53",
      "Phone": "+93232"
    },
    {
      "Id": 54,
      "Name": "Student55",
      "RollNo": "R55",
      "Phone": "+93232"
    },
    {
      "Id": 56,
      "Name": "Student57",
      "RollNo": "R57",
      "Phone": "+93232"
    },
    {
      "Id": 58,
      "Name": "Student59",
      "RollNo": "R59",
      "Phone": "+93232"
    },
    {
      "Id": 60,
      "Name": "Student61",
      "RollNo": "R61",
      "Phone": "+93232"
    },
    {
      "Id": 62,
      "Name": "Student63",
      "RollNo": "R63",
      "Phone": "+93232"
    },
    {
      "Id": 64,
      "Name": "Student65",
      "RollNo": "R65",
      "Phone": "+93232"
    },
    {
      "Id": 66,
      "Name": "Student67",
      "RollNo": "R67",
      "Phone": "+93232"
    },
    {
      "Id": 68,
      "Name": "Student69",
      "RollNo": "R69",
      "Phone": "+93232"
    },
    {
      "Id": 70,
      "Name": "Student71",
      "RollNo": "R71",
      "Phone": "+93232"
    },
    {
      "Id": 72,
      "Name": "Student73",
      "RollNo": "R73",
      "Phone": "+93232"
    },
    {
      "Id": 74,
      "Name": "Student75",
      "RollNo": "R75",
      "Phone": "+93232"
    },
    {
      "Id": 76,
      "Name": "Student77",
      "RollNo": "R77",
      "Phone": "+93232"
    },
    {
      "Id": 78,
      "Name": "Student79",
      "RollNo": "R79",
      "Phone": "+93232"
    },
    {
      "Id": 80,
      "Name": "Student81",
      "RollNo": "R81",
      "Phone": "+93232"
    },
    {
      "Id": 82,
      "Name": "Student83",
      "RollNo": "R83",
      "Phone": "+93232"
    },
    {
      "Id": 84,
      "Name": "Student85",
      "RollNo": "R85",
      "Phone": "+93232"
    },
    {
      "Id": 86,
      "Name": "Student87",
      "RollNo": "R87",
      "Phone": "+93232"
    },
    {
      "Id": 88,
      "Name": "Student89",
      "RollNo": "R89",
      "Phone": "+93232"
    },
    {
      "Id": 90,
      "Name": "Student91",
      "RollNo": "R91",
      "Phone": "+93232"
    },
    {
      "Id": 92,
      "Name": "Student93",
      "RollNo": "R93",
      "Phone": "+93232"
    },
    {
      "Id": 94,
      "Name": "Student95",
      "RollNo": "R95",
      "Phone": "+93232"
    },
    {
      "Id": 96,
      "Name": "Student97",
      "RollNo": "R97",
      "Phone": "+93232"
    },
    {
      "Id": 98,
      "Name": "Student99",
      "RollNo": "R99",
      "Phone": "+93232"
    }
  ]