{
  "Routes": [
    {
      "DownstreamPathTemplate": "/api/students/{id}",
      "DownstreamScheme": "https",
      "DownstreamHostAndPorts": [
        {
          "Host": "localhost",
          "Port": 44300
        }
      ],
      "UpstreamPathTemplate": "/studentsrv/{id}",
      "UpstreamHttpMethod": [ "Get", "Put", "Delete" ]
    },
    {
      "DownstreamPathTemplate": "/api/students/{rollNo}",
      "DownstreamScheme": "https",
      "DownstreamHostAndPorts": [
        {
          "Host": "localhost",
          "Port": 44300
        }
      ],
      "UpstreamPathTemplate": "/studentsrv/{rollNo}",
      "UpstreamHttpMethod": [ "Get" ]
    },
    {
      "DownstreamPathTemplate": "/api/students",
      "DownstreamScheme": "https",
      "DownstreamHostAndPorts": [
        {
          "Host": "localhost",
          "Port": 44300
        }
      ],
      "UpstreamPathTemplate": "/studentsrv",
      "UpstreamHttpMethod": [ "Get", "Post" ]
    },
    {
      "DownstreamPathTemplate": "/api/studentcourses",
      "DownstreamScheme": "https",
      "DownstreamHostAndPorts": [
        {
          "Host": "localhost",
          "Port": 44389
        }
      ],
      "UpstreamPathTemplate": "/studentcoursessrv",
      "UpstreamHttpMethod": [ "Get", "Post" ]
    },
    {
      "DownstreamPathTemplate": "/api/studentcourses/{id}",
      "DownstreamScheme": "https",
      "DownstreamHostAndPorts": [
        {
          "Host": "localhost",
          "Port": 44389
        }
      ],
      "UpstreamPathTemplate": "/studentcoursessrv/{id}",
      "UpstreamHttpMethod": [ "Get", "Put", "Delete" ]
    },
    {
      "DownstreamPathTemplate": "/api/courses",
      "DownstreamScheme": "https",
      "DownstreamHostAndPorts": [
        {
          "Host": "localhost",
          "Port": 44389
        }
      ],
      "UpstreamPathTemplate": "/coursessrv",
      "UpstreamHttpMethod": [ "Get" ]
    },
    {
      "DownstreamPathTemplate": "/api/studentresult?RollNo={RollNo}&CourseNo={CourseNo}",
      "DownstreamScheme": "https",
      "DownstreamHostAndPorts": [
        {
          "Host": "localhost",
          "Port": 44393
        }
      ],
      "UpstreamPathTemplate": "/studentresultsrv?RollNo={RollNo}&CourseNo={CourseNo}",
      "UpstreamHttpMethod": [ "Get" ]
    },
    {
      "DownstreamPathTemplate": "/api/studentresult?RollNo={RollNo}",
      "DownstreamScheme": "https",
      "DownstreamHostAndPorts": [
        {
          "Host": "localhost",
          "Port": 44393
        }
      ],
      "UpstreamPathTemplate": "/studentresultsrv?RollNo={RollNo}",
      "UpstreamHttpMethod": [ "Get" ]
    }
  ]
}